,channel_id,name,officialSite,country.name,country.code,country.timezone,country,shows_id
0,122.0,V LIVE,https://www.vlive.tv/home,"Korea, Republic of",KR,Asia/Seoul,,0
1,122.0,V LIVE,https://www.vlive.tv/home,"Korea, Republic of",KR,Asia/Seoul,,316
2,510.0,Epic Media,,Russian Federation,RU,Asia/Kamchatka,,1
3,381.0,КиноПоиск HD,,Russian Federation,RU,Asia/Kamchatka,,2
4,381.0,КиноПоиск HD,,Russian Federation,RU,Asia/Kamchatka,,474
5,381.0,КиноПоиск HD,,Russian Federation,RU,Asia/Kamchatka,,574
6,381.0,КиноПоиск HD,,Russian Federation,RU,Asia/Kamchatka,,612
7,51.0,Bilibili,,China,CN,Asia/Shanghai,,3
8,51.0,Bilibili,,China,CN,Asia/Shanghai,,72
9,51.0,Bilibili,,China,CN,Asia/Shanghai,,96
10,51.0,Bilibili,,China,CN,Asia/Shanghai,,117
11,51.0,Bilibili,,China,CN,Asia/Shanghai,,216
12,51.0,Bilibili,,China,CN,Asia/Shanghai,,251
13,51.0,Bilibili,,China,CN,Asia/Shanghai,,284
14,51.0,Bilibili,,China,CN,Asia/Shanghai,,317
15,51.0,Bilibili,,China,CN,Asia/Shanghai,,397
16,104.0,Tencent QQ,https://v.qq.com/,China,CN,Asia/Shanghai,,4
17,104.0,Tencent QQ,https://v.qq.com/,China,CN,Asia/Shanghai,,6
18,104.0,Tencent QQ,https://v.qq.com/,China,CN,Asia/Shanghai,,8
19,104.0,Tencent QQ,https://v.qq.com/,China,CN,Asia/Shanghai,,41
20,104.0,Tencent QQ,https://v.qq.com/,China,CN,Asia/Shanghai,,43
21,104.0,Tencent QQ,https://v.qq.com/,China,CN,Asia/Shanghai,,70
22,104.0,Tencent QQ,https://v.qq.com/,China,CN,Asia/Shanghai,,71
23,104.0,Tencent QQ,https://v.qq.com/,China,CN,Asia/Shanghai,,98
24,104.0,Tencent QQ,https://v.qq.com/,China,CN,Asia/Shanghai,,103
25,104.0,Tencent QQ,https://v.qq.com/,China,CN,Asia/Shanghai,,118
26,104.0,Tencent QQ,https://v.qq.com/,China,CN,Asia/Shanghai,,121
27,104.0,Tencent QQ,https://v.qq.com/,China,CN,Asia/Shanghai,,122
28,104.0,Tencent QQ,https://v.qq.com/,China,CN,Asia/Shanghai,,152
29,104.0,Tencent QQ,https://v.qq.com/,China,CN,Asia/Shanghai,,179
30,104.0,Tencent QQ,https://v.qq.com/,China,CN,Asia/Shanghai,,180
31,104.0,Tencent QQ,https://v.qq.com/,China,CN,Asia/Shanghai,,250
32,104.0,Tencent QQ,https://v.qq.com/,China,CN,Asia/Shanghai,,281
33,104.0,Tencent QQ,https://v.qq.com/,China,CN,Asia/Shanghai,,282
34,104.0,Tencent QQ,https://v.qq.com/,China,CN,Asia/Shanghai,,358
35,104.0,Tencent QQ,https://v.qq.com/,China,CN,Asia/Shanghai,,449
36,104.0,Tencent QQ,https://v.qq.com/,China,CN,Asia/Shanghai,,518
37,104.0,Tencent QQ,https://v.qq.com/,China,CN,Asia/Shanghai,,529
38,104.0,Tencent QQ,https://v.qq.com/,China,CN,Asia/Shanghai,,552
39,104.0,Tencent QQ,https://v.qq.com/,China,CN,Asia/Shanghai,,599
40,104.0,Tencent QQ,https://v.qq.com/,China,CN,Asia/Shanghai,,600
41,104.0,Tencent QQ,https://v.qq.com/,China,CN,Asia/Shanghai,,613
42,342.0,Paravi,,Japan,JP,Asia/Tokyo,,5
43,342.0,Paravi,,Japan,JP,Asia/Tokyo,,269
44,,,,,,,,7
45,,,,,,,,58
46,,,,,,,,64
47,,,,,,,,65
48,,,,,,,,66
49,,,,,,,,79
50,,,,,,,,187
51,,,,,,,,245
52,,,,,,,,246
53,,,,,,,,274
54,,,,,,,,287
55,,,,,,,,310
56,,,,,,,,371
57,,,,,,,,373
58,,,,,,,,428
59,,,,,,,,462
60,,,,,,,,526
61,,,,,,,,590
62,507.0,filimo,,"Iran, Islamic Republic of",IR,Asia/Tehran,,9
63,208.0,VK.com,,Russian Federation,RU,Asia/Kamchatka,,10
64,208.0,VK.com,,Russian Federation,RU,Asia/Kamchatka,,128
65,238.0,NRK TV,,Norway,NO,Europe/Oslo,,11
66,238.0,NRK TV,,Norway,NO,Europe/Oslo,,12
67,238.0,NRK TV,,Norway,NO,Europe/Oslo,,74
68,238.0,NRK TV,,Norway,NO,Europe/Oslo,,80
69,238.0,NRK TV,,Norway,NO,Europe/Oslo,,124
70,238.0,NRK TV,,Norway,NO,Europe/Oslo,,136
71,238.0,NRK TV,,Norway,NO,Europe/Oslo,,181
72,238.0,NRK TV,,Norway,NO,Europe/Oslo,,182
73,238.0,NRK TV,,Norway,NO,Europe/Oslo,,197
74,238.0,NRK TV,,Norway,NO,Europe/Oslo,,239
75,238.0,NRK TV,,Norway,NO,Europe/Oslo,,252
76,238.0,NRK TV,,Norway,NO,Europe/Oslo,,255
77,238.0,NRK TV,,Norway,NO,Europe/Oslo,,275
78,238.0,NRK TV,,Norway,NO,Europe/Oslo,,276
79,238.0,NRK TV,,Norway,NO,Europe/Oslo,,285
80,238.0,NRK TV,,Norway,NO,Europe/Oslo,,313
81,238.0,NRK TV,,Norway,NO,Europe/Oslo,,361
82,238.0,NRK TV,,Norway,NO,Europe/Oslo,,431
83,238.0,NRK TV,,Norway,NO,Europe/Oslo,,490
84,238.0,NRK TV,,Norway,NO,Europe/Oslo,,493
85,238.0,NRK TV,,Norway,NO,Europe/Oslo,,512
86,238.0,NRK TV,,Norway,NO,Europe/Oslo,,513
87,238.0,NRK TV,,Norway,NO,Europe/Oslo,,542
88,238.0,NRK TV,,Norway,NO,Europe/Oslo,,560
89,238.0,NRK TV,,Norway,NO,Europe/Oslo,,562
90,99.0,Rutube,,Russian Federation,RU,Asia/Kamchatka,,13
91,54.0,ITV Hub,,United Kingdom,GB,Europe/London,,14
92,54.0,ITV Hub,,United Kingdom,GB,Europe/London,,580
93,452.0,Aitube.kz,,Kazakhstan,KZ,Asia/Qyzylorda,,15
94,452.0,Aitube.kz,,Kazakhstan,KZ,Asia/Qyzylorda,,76
95,452.0,Aitube.kz,,Kazakhstan,KZ,Asia/Qyzylorda,,125
96,452.0,Aitube.kz,,Kazakhstan,KZ,Asia/Qyzylorda,,253
97,222.0,BluTV,,Turkey,TR,Europe/Istanbul,,16
98,222.0,BluTV,,Turkey,TR,Europe/Istanbul,,185
99,222.0,BluTV,,Turkey,TR,Europe/Istanbul,,378
100,222.0,BluTV,,Turkey,TR,Europe/Istanbul,,442
101,222.0,BluTV,,Turkey,TR,Europe/Istanbul,,614
102,439.0,Exxen,,Turkey,TR,Europe/Istanbul,,17
103,327.0,TV 2 Play,,Norway,NO,Europe/Oslo,,18
104,327.0,TV 2 Play,,Norway,NO,Europe/Oslo,,19
105,327.0,TV 2 Play,,Norway,NO,Europe/Oslo,,81
106,327.0,TV 2 Play,,Norway,NO,Europe/Oslo,,133
107,327.0,TV 2 Play,,Norway,NO,Europe/Oslo,,256
108,327.0,TV 2 Play,,Norway,NO,Europe/Oslo,,288
109,327.0,TV 2 Play,,Norway,NO,Europe/Oslo,,292
110,327.0,TV 2 Play,,Norway,NO,Europe/Oslo,,362
111,327.0,TV 2 Play,,Norway,NO,Europe/Oslo,,433
112,21.0,YouTube,https://www.youtube.com,,,,,20
113,21.0,YouTube,https://www.youtube.com,,,,,21
114,21.0,YouTube,https://www.youtube.com,,,,,22
115,21.0,YouTube,https://www.youtube.com,,,,,23
116,21.0,YouTube,https://www.youtube.com,,,,,24
117,21.0,YouTube,https://www.youtube.com,,,,,26
118,21.0,YouTube,https://www.youtube.com,,,,,27
119,21.0,YouTube,https://www.youtube.com,,,,,31
120,21.0,YouTube,https://www.youtube.com,,,,,32
121,21.0,YouTube,https://www.youtube.com,,,,,33
122,21.0,YouTube,https://www.youtube.com,,,,,34
123,21.0,YouTube,https://www.youtube.com,,,,,35
124,21.0,YouTube,https://www.youtube.com,,,,,46
125,21.0,YouTube,https://www.youtube.com,,,,,49
126,21.0,YouTube,https://www.youtube.com,,,,,50
127,21.0,YouTube,https://www.youtube.com,,,,,51
128,21.0,YouTube,https://www.youtube.com,,,,,53
129,21.0,YouTube,https://www.youtube.com,,,,,54
130,21.0,YouTube,https://www.youtube.com,,,,,56
131,21.0,YouTube,https://www.youtube.com,,,,,68
132,21.0,YouTube,https://www.youtube.com,,,,,84
133,21.0,YouTube,https://www.youtube.com,,,,,85
134,21.0,YouTube,https://www.youtube.com,,,,,86
135,21.0,YouTube,https://www.youtube.com,,,,,87
136,21.0,YouTube,https://www.youtube.com,,,,,88
137,21.0,YouTube,https://www.youtube.com,,,,,90
138,21.0,YouTube,https://www.youtube.com,,,,,91
139,21.0,YouTube,https://www.youtube.com,,,,,92
140,21.0,YouTube,https://www.youtube.com,,,,,95
141,21.0,YouTube,https://www.youtube.com,,,,,99
142,21.0,YouTube,https://www.youtube.com,,,,,100
143,21.0,YouTube,https://www.youtube.com,,,,,101
144,21.0,YouTube,https://www.youtube.com,,,,,102
145,21.0,YouTube,https://www.youtube.com,,,,,107
146,21.0,YouTube,https://www.youtube.com,,,,,126
147,21.0,YouTube,https://www.youtube.com,,,,,130
148,21.0,YouTube,https://www.youtube.com,,,,,138
149,21.0,YouTube,https://www.youtube.com,,,,,141
150,21.0,YouTube,https://www.youtube.com,,,,,142
151,21.0,YouTube,https://www.youtube.com,,,,,143
152,21.0,YouTube,https://www.youtube.com,,,,,145
153,21.0,YouTube,https://www.youtube.com,,,,,148
154,21.0,YouTube,https://www.youtube.com,,,,,149
155,21.0,YouTube,https://www.youtube.com,,,,,151
156,21.0,YouTube,https://www.youtube.com,,,,,155
157,21.0,YouTube,https://www.youtube.com,,,,,156
158,21.0,YouTube,https://www.youtube.com,,,,,157
159,21.0,YouTube,https://www.youtube.com,,,,,158
160,21.0,YouTube,https://www.youtube.com,,,,,159
161,21.0,YouTube,https://www.youtube.com,,,,,176
162,21.0,YouTube,https://www.youtube.com,,,,,198
163,21.0,YouTube,https://www.youtube.com,,,,,200
164,21.0,YouTube,https://www.youtube.com,,,,,201
165,21.0,YouTube,https://www.youtube.com,,,,,202
166,21.0,YouTube,https://www.youtube.com,,,,,207
167,21.0,YouTube,https://www.youtube.com,,,,,208
168,21.0,YouTube,https://www.youtube.com,,,,,212
169,21.0,YouTube,https://www.youtube.com,,,,,215
170,21.0,YouTube,https://www.youtube.com,,,,,218
171,21.0,YouTube,https://www.youtube.com,,,,,222
172,21.0,YouTube,https://www.youtube.com,,,,,226
173,21.0,YouTube,https://www.youtube.com,,,,,227
174,21.0,YouTube,https://www.youtube.com,,,,,229
175,21.0,YouTube,https://www.youtube.com,,,,,231
176,21.0,YouTube,https://www.youtube.com,,,,,232
177,21.0,YouTube,https://www.youtube.com,,,,,233
178,21.0,YouTube,https://www.youtube.com,,,,,257
179,21.0,YouTube,https://www.youtube.com,,,,,258
180,21.0,YouTube,https://www.youtube.com,,,,,259
181,21.0,YouTube,https://www.youtube.com,,,,,260
182,21.0,YouTube,https://www.youtube.com,,,,,265
183,21.0,YouTube,https://www.youtube.com,,,,,266
184,21.0,YouTube,https://www.youtube.com,,,,,293
185,21.0,YouTube,https://www.youtube.com,,,,,297
186,21.0,YouTube,https://www.youtube.com,,,,,298
187,21.0,YouTube,https://www.youtube.com,,,,,301
188,21.0,YouTube,https://www.youtube.com,,,,,303
189,21.0,YouTube,https://www.youtube.com,,,,,304
190,21.0,YouTube,https://www.youtube.com,,,,,318
191,21.0,YouTube,https://www.youtube.com,,,,,319
192,21.0,YouTube,https://www.youtube.com,,,,,321
193,21.0,YouTube,https://www.youtube.com,,,,,323
194,21.0,YouTube,https://www.youtube.com,,,,,324
195,21.0,YouTube,https://www.youtube.com,,,,,325
196,21.0,YouTube,https://www.youtube.com,,,,,327
197,21.0,YouTube,https://www.youtube.com,,,,,331
198,21.0,YouTube,https://www.youtube.com,,,,,334
199,21.0,YouTube,https://www.youtube.com,,,,,352
200,21.0,YouTube,https://www.youtube.com,,,,,354
201,21.0,YouTube,https://www.youtube.com,,,,,357
202,21.0,YouTube,https://www.youtube.com,,,,,359
203,21.0,YouTube,https://www.youtube.com,,,,,365
204,21.0,YouTube,https://www.youtube.com,,,,,366
205,21.0,YouTube,https://www.youtube.com,,,,,372
206,21.0,YouTube,https://www.youtube.com,,,,,380
207,21.0,YouTube,https://www.youtube.com,,,,,381
208,21.0,YouTube,https://www.youtube.com,,,,,384
209,21.0,YouTube,https://www.youtube.com,,,,,386
210,21.0,YouTube,https://www.youtube.com,,,,,387
211,21.0,YouTube,https://www.youtube.com,,,,,388
212,21.0,YouTube,https://www.youtube.com,,,,,404
213,21.0,YouTube,https://www.youtube.com,,,,,408
214,21.0,YouTube,https://www.youtube.com,,,,,409
215,21.0,YouTube,https://www.youtube.com,,,,,412
216,21.0,YouTube,https://www.youtube.com,,,,,420
217,21.0,YouTube,https://www.youtube.com,,,,,421
218,21.0,YouTube,https://www.youtube.com,,,,,425
219,21.0,YouTube,https://www.youtube.com,,,,,427
220,21.0,YouTube,https://www.youtube.com,,,,,429
221,21.0,YouTube,https://www.youtube.com,,,,,434
222,21.0,YouTube,https://www.youtube.com,,,,,437
223,21.0,YouTube,https://www.youtube.com,,,,,438
224,21.0,YouTube,https://www.youtube.com,,,,,443
225,21.0,YouTube,https://www.youtube.com,,,,,447
226,21.0,YouTube,https://www.youtube.com,,,,,457
227,21.0,YouTube,https://www.youtube.com,,,,,468
228,21.0,YouTube,https://www.youtube.com,,,,,469
229,21.0,YouTube,https://www.youtube.com,,,,,472
230,21.0,YouTube,https://www.youtube.com,,,,,484
231,21.0,YouTube,https://www.youtube.com,,,,,485
232,21.0,YouTube,https://www.youtube.com,,,,,494
233,21.0,YouTube,https://www.youtube.com,,,,,499
234,21.0,YouTube,https://www.youtube.com,,,,,503
235,21.0,YouTube,https://www.youtube.com,,,,,505
236,21.0,YouTube,https://www.youtube.com,,,,,509
237,21.0,YouTube,https://www.youtube.com,,,,,510
238,21.0,YouTube,https://www.youtube.com,,,,,511
239,21.0,YouTube,https://www.youtube.com,,,,,514
240,21.0,YouTube,https://www.youtube.com,,,,,521
241,21.0,YouTube,https://www.youtube.com,,,,,523
242,21.0,YouTube,https://www.youtube.com,,,,,535
243,21.0,YouTube,https://www.youtube.com,,,,,544
244,21.0,YouTube,https://www.youtube.com,,,,,557
245,21.0,YouTube,https://www.youtube.com,,,,,565
246,21.0,YouTube,https://www.youtube.com,,,,,569
247,21.0,YouTube,https://www.youtube.com,,,,,577
248,21.0,YouTube,https://www.youtube.com,,,,,592
249,21.0,YouTube,https://www.youtube.com,,,,,596
250,21.0,YouTube,https://www.youtube.com,,,,,608
251,21.0,YouTube,https://www.youtube.com,,,,,609
252,21.0,YouTube,https://www.youtube.com,,,,,610
253,21.0,YouTube,https://www.youtube.com,,,,,617
254,21.0,YouTube,https://www.youtube.com,,,,,618
255,202.0,Facebook Watch,,,,,,25
256,202.0,Facebook Watch,,,,,,28
257,202.0,Facebook Watch,,,,,,94
258,202.0,Facebook Watch,,,,,,217
259,202.0,Facebook Watch,,,,,,451
260,245.0,Start,,Russian Federation,RU,Asia/Kamchatka,,29
261,245.0,Start,,Russian Federation,RU,Asia/Kamchatka,,113
262,245.0,Start,,Russian Federation,RU,Asia/Kamchatka,,115
263,245.0,Start,,Russian Federation,RU,Asia/Kamchatka,,184
264,245.0,Start,,Russian Federation,RU,Asia/Kamchatka,,550
265,43.0,YouTube Premium,,,,,,30
266,43.0,YouTube Premium,,,,,,333
267,43.0,YouTube Premium,,,,,,588
268,319.0,FiteTV,,,,,,36
269,319.0,FiteTV,,,,,,261
270,103.0,Viaplay,https://viaplay.com,,,,,37
271,103.0,Viaplay,https://viaplay.com,,,,,294
272,103.0,Viaplay,https://viaplay.com,,,,,322
273,458.0,Watch iT!,,Egypt,EG,Africa/Cairo,,38
274,67.0,iQIYI,https://www.iq.com/,,,,,39
275,67.0,iQIYI,https://www.iq.com/,,,,,40
276,67.0,iQIYI,https://www.iq.com/,,,,,44
277,67.0,iQIYI,https://www.iq.com/,,,,,206
278,67.0,iQIYI,https://www.iq.com/,,,,,228
279,67.0,iQIYI,https://www.iq.com/,,,,,337
280,67.0,iQIYI,https://www.iq.com/,,,,,385
281,67.0,iQIYI,https://www.iq.com/,,,,,471
282,67.0,iQIYI,https://www.iq.com/,,,,,524
283,67.0,iQIYI,https://www.iq.com/,,,,,551
284,67.0,iQIYI,https://www.iq.com/,,,,,570
285,67.0,iQIYI,https://www.iq.com/,,,,,589
286,118.0,Youku,,China,CN,Asia/Shanghai,,42
287,118.0,Youku,,China,CN,Asia/Shanghai,,47
288,118.0,Youku,,China,CN,Asia/Shanghai,,73
289,118.0,Youku,,China,CN,Asia/Shanghai,,119
290,118.0,Youku,,China,CN,Asia/Shanghai,,120
291,118.0,Youku,,China,CN,Asia/Shanghai,,375
292,118.0,Youku,,China,CN,Asia/Shanghai,,410
293,118.0,Youku,,China,CN,Asia/Shanghai,,430
294,118.0,Youku,,China,CN,Asia/Shanghai,,553
295,420.0,PBS,,United States,US,America/New_York,,45
296,1.0,Netflix,https://www.netflix.com/,,,,,48
297,1.0,Netflix,https://www.netflix.com/,,,,,97
298,1.0,Netflix,https://www.netflix.com/,,,,,153
299,1.0,Netflix,https://www.netflix.com/,,,,,203
300,1.0,Netflix,https://www.netflix.com/,,,,,205
301,1.0,Netflix,https://www.netflix.com/,,,,,220
302,1.0,Netflix,https://www.netflix.com/,,,,,224
303,1.0,Netflix,https://www.netflix.com/,,,,,262
304,1.0,Netflix,https://www.netflix.com/,,,,,332
305,1.0,Netflix,https://www.netflix.com/,,,,,355
306,1.0,Netflix,https://www.netflix.com/,,,,,363
307,1.0,Netflix,https://www.netflix.com/,,,,,364
308,1.0,Netflix,https://www.netflix.com/,,,,,369
309,1.0,Netflix,https://www.netflix.com/,,,,,383
310,1.0,Netflix,https://www.netflix.com/,,,,,406
311,1.0,Netflix,https://www.netflix.com/,,,,,444
312,1.0,Netflix,https://www.netflix.com/,,,,,446
313,1.0,Netflix,https://www.netflix.com/,,,,,456
314,1.0,Netflix,https://www.netflix.com/,,,,,464
315,1.0,Netflix,https://www.netflix.com/,,,,,465
316,1.0,Netflix,https://www.netflix.com/,,,,,466
317,1.0,Netflix,https://www.netflix.com/,,,,,467
318,1.0,Netflix,https://www.netflix.com/,,,,,470
319,1.0,Netflix,https://www.netflix.com/,,,,,483
320,1.0,Netflix,https://www.netflix.com/,,,,,496
321,1.0,Netflix,https://www.netflix.com/,,,,,498
322,1.0,Netflix,https://www.netflix.com/,,,,,504
323,1.0,Netflix,https://www.netflix.com/,,,,,534
324,1.0,Netflix,https://www.netflix.com/,,,,,563
325,1.0,Netflix,https://www.netflix.com/,,,,,572
326,1.0,Netflix,https://www.netflix.com/,,,,,575
327,1.0,Netflix,https://www.netflix.com/,,,,,576
328,1.0,Netflix,https://www.netflix.com/,,,,,586
329,1.0,Netflix,https://www.netflix.com/,,,,,604
330,1.0,Netflix,https://www.netflix.com/,,,,,605
331,1.0,Netflix,https://www.netflix.com/,,,,,606
332,1.0,Netflix,https://www.netflix.com/,,,,,607
333,1.0,Netflix,https://www.netflix.com/,,,,,616
334,379.0,Shahid,,,,,,52
335,379.0,Shahid,,,,,,57
336,379.0,Shahid,,,,,,132
337,379.0,Shahid,,,,,,154
338,379.0,Shahid,,,,,,335
339,379.0,Shahid,,,,,,585
340,379.0,Shahid,,,,,,620
341,173.0,discovery+,https://www.discoveryplus.com/,,,,,55
342,173.0,discovery+,https://www.discoveryplus.com/,,,,,93
343,173.0,discovery+,https://www.discoveryplus.com/,,,,,146
344,173.0,discovery+,https://www.discoveryplus.com/,,,,,199
345,173.0,discovery+,https://www.discoveryplus.com/,,,,,211
346,173.0,discovery+,https://www.discoveryplus.com/,,,,,221
347,173.0,discovery+,https://www.discoveryplus.com/,,,,,264
348,173.0,discovery+,https://www.discoveryplus.com/,,,,,299
349,173.0,discovery+,https://www.discoveryplus.com/,,,,,356
350,173.0,discovery+,https://www.discoveryplus.com/,,,,,459
351,173.0,discovery+,https://www.discoveryplus.com/,,,,,482
352,173.0,discovery+,https://www.discoveryplus.com/,,,,,619
353,30.0,Naver TVCast,https://tv.naver.com/,"Korea, Republic of",KR,Asia/Seoul,,59
354,30.0,Naver TVCast,https://tv.naver.com/,"Korea, Republic of",KR,Asia/Seoul,,106
355,30.0,Naver TVCast,https://tv.naver.com/,"Korea, Republic of",KR,Asia/Seoul,,131
356,30.0,Naver TVCast,https://tv.naver.com/,"Korea, Republic of",KR,Asia/Seoul,,189
357,30.0,Naver TVCast,https://tv.naver.com/,"Korea, Republic of",KR,Asia/Seoul,,353
358,30.0,Naver TVCast,https://tv.naver.com/,"Korea, Republic of",KR,Asia/Seoul,,379
359,30.0,Naver TVCast,https://tv.naver.com/,"Korea, Republic of",KR,Asia/Seoul,,519
360,30.0,Naver TVCast,https://tv.naver.com/,"Korea, Republic of",KR,Asia/Seoul,,582
361,30.0,Naver TVCast,https://tv.naver.com/,"Korea, Republic of",KR,Asia/Seoul,,603
362,119.0,FOD,,Japan,JP,Asia/Tokyo,,60
363,102.0,Twit,,United States,US,America/New_York,,61
364,102.0,Twit,,United States,US,America/New_York,,343
365,2.0,Hulu,https://www.hulu.com/,United States,US,America/New_York,,62
366,2.0,Hulu,https://www.hulu.com/,United States,US,America/New_York,,238
367,2.0,Hulu,https://www.hulu.com/,United States,US,America/New_York,,414
368,107.0,Paramount+,https://www.paramountplus.com/,,,,,63
369,107.0,Paramount+,https://www.paramountplus.com/,,,,,139
370,107.0,Paramount+,https://www.paramountplus.com/,,,,,163
371,107.0,Paramount+,https://www.paramountplus.com/,,,,,169
372,107.0,Paramount+,https://www.paramountplus.com/,,,,,306
373,107.0,Paramount+,https://www.paramountplus.com/,,,,,481
374,274.0,Brat,,United States,US,America/New_York,,67
375,274.0,Brat,,United States,US,America/New_York,,109
376,380.0,Seezn,https://www.seezntv.com/,"Korea, Republic of",KR,Asia/Seoul,,69
377,380.0,Seezn,https://www.seezntv.com/,"Korea, Republic of",KR,Asia/Seoul,,528
378,380.0,Seezn,https://www.seezntv.com/,"Korea, Republic of",KR,Asia/Seoul,,601
379,226.0,Mango TV,https://w.mgtv.com/,China,CN,Asia/Shanghai,,75
380,226.0,Mango TV,https://w.mgtv.com/,China,CN,Asia/Shanghai,,150
381,226.0,Mango TV,https://w.mgtv.com/,China,CN,Asia/Shanghai,,515
382,226.0,Mango TV,https://w.mgtv.com/,China,CN,Asia/Shanghai,,578
383,240.0,Melon,https://www.melon.com/tv/index.htm,"Korea, Republic of",KR,Asia/Seoul,,77
384,160.0,NJPW World,,Japan,JP,Asia/Tokyo,,78
385,191.0,Viafree,,,,,,82
386,191.0,Viafree,,,,,,347
387,191.0,Viafree,,,,,,445
388,195.0,WOW Presents Plus,http://www.wowpresentsplus.com,,,,,83
389,195.0,WOW Presents Plus,http://www.wowpresentsplus.com,,,,,330
390,195.0,WOW Presents Plus,http://www.wowpresentsplus.com,,,,,532
391,88.0,LINE TV,https://www.linetv.tw/,,,,,89
392,88.0,LINE TV,https://www.linetv.tw/,,,,,123
393,88.0,LINE TV,https://www.linetv.tw/,,,,,263
394,88.0,LINE TV,https://www.linetv.tw/,,,,,367
395,88.0,LINE TV,https://www.linetv.tw/,,,,,368
396,88.0,LINE TV,https://www.linetv.tw/,,,,,370
397,88.0,LINE TV,https://www.linetv.tw/,,,,,382
398,88.0,LINE TV,https://www.linetv.tw/,,,,,405
399,88.0,LINE TV,https://www.linetv.tw/,,,,,422
400,88.0,LINE TV,https://www.linetv.tw/,,,,,533
401,88.0,LINE TV,https://www.linetv.tw/,,,,,567
402,131.0,Globoplay,,Brazil,BR,America/Noronha,,104
403,131.0,Globoplay,,Brazil,BR,America/Noronha,,162
404,131.0,Globoplay,,Brazil,BR,America/Noronha,,307
405,131.0,Globoplay,,Brazil,BR,America/Noronha,,506
406,15.0,WWE Network,,United States,US,America/New_York,,105
407,15.0,WWE Network,,United States,US,America/New_York,,110
408,15.0,WWE Network,,United States,US,America/New_York,,164
409,15.0,WWE Network,,United States,US,America/New_York,,175
410,15.0,WWE Network,,United States,US,America/New_York,,248
411,15.0,WWE Network,,United States,US,America/New_York,,271
412,15.0,WWE Network,,United States,US,America/New_York,,308
413,15.0,WWE Network,,United States,US,America/New_York,,345
414,15.0,WWE Network,,United States,US,America/New_York,,350
415,15.0,WWE Network,,United States,US,America/New_York,,439
416,311.0,Dropout,,United States,US,America/New_York,,108
417,83.0,DisneyNOW,,United States,US,America/New_York,,111
418,83.0,DisneyNOW,,United States,US,America/New_York,,234
419,83.0,DisneyNOW,,United States,US,America/New_York,,235
420,83.0,DisneyNOW,,United States,US,America/New_York,,236
421,83.0,DisneyNOW,,United States,US,America/New_York,,247
422,83.0,DisneyNOW,,United States,US,America/New_York,,311
423,83.0,DisneyNOW,,United States,US,America/New_York,,413
424,83.0,DisneyNOW,,United States,US,America/New_York,,416
425,83.0,DisneyNOW,,United States,US,America/New_York,,508
426,20.0,Crunchyroll,,,,,,112
427,20.0,Crunchyroll,,,,,,273
428,20.0,Crunchyroll,,,,,,277
429,246.0,more.tv,,Russian Federation,RU,Asia/Kamchatka,,114
430,337.0,ivi,,Russian Federation,RU,Asia/Kamchatka,,116
431,337.0,ivi,,Russian Federation,RU,Asia/Kamchatka,,177
432,337.0,ivi,,Russian Federation,RU,Asia/Kamchatka,,178
433,337.0,ivi,,Russian Federation,RU,Asia/Kamchatka,,360
434,337.0,ivi,,Russian Federation,RU,Asia/Kamchatka,,475
435,294.0,Kakao TV,https://tv.kakao.com/top,"Korea, Republic of",KR,Asia/Seoul,,127
436,294.0,Kakao TV,https://tv.kakao.com/top,"Korea, Republic of",KR,Asia/Seoul,,254
437,294.0,Kakao TV,https://tv.kakao.com/top,"Korea, Republic of",KR,Asia/Seoul,,531
438,294.0,Kakao TV,https://tv.kakao.com/top,"Korea, Republic of",KR,Asia/Seoul,,587
439,281.0,Premier,,Russian Federation,RU,Asia/Kamchatka,,129
440,281.0,Premier,,Russian Federation,RU,Asia/Kamchatka,,280
441,281.0,Premier,,Russian Federation,RU,Asia/Kamchatka,,315
442,281.0,Premier,,Russian Federation,RU,Asia/Kamchatka,,374
443,281.0,Premier,,Russian Federation,RU,Asia/Kamchatka,,473
444,281.0,Premier,,Russian Federation,RU,Asia/Kamchatka,,489
445,12.0,Videoland,https://www.videoland.com/,Netherlands,NL,Europe/Amsterdam,,134
446,12.0,Videoland,https://www.videoland.com/,Netherlands,NL,Europe/Amsterdam,,196
447,12.0,Videoland,https://www.videoland.com/,Netherlands,NL,Europe/Amsterdam,,286
448,356.0,Joyn,,Germany,DE,Europe/Busingen,,135
449,356.0,Joyn,,Germany,DE,Europe/Busingen,,543
450,416.0,VTM GO,,Belgium,BE,Europe/Brussels,,137
451,416.0,VTM GO,,Belgium,BE,Europe/Brussels,,191
452,304.0,twitch,,,,,,140
453,304.0,twitch,,,,,,305
454,304.0,twitch,,,,,,455
455,304.0,twitch,,,,,,458
456,304.0,twitch,,,,,,579
457,329.0,HBO Max,https://www.hbomax.com/,,,,,144
458,329.0,HBO Max,https://www.hbomax.com/,,,,,161
459,329.0,HBO Max,https://www.hbomax.com/,,,,,165
460,329.0,HBO Max,https://www.hbomax.com/,,,,,166
461,329.0,HBO Max,https://www.hbomax.com/,,,,,167
462,329.0,HBO Max,https://www.hbomax.com/,,,,,171
463,329.0,HBO Max,https://www.hbomax.com/,,,,,173
464,329.0,HBO Max,https://www.hbomax.com/,,,,,242
465,329.0,HBO Max,https://www.hbomax.com/,,,,,389
466,329.0,HBO Max,https://www.hbomax.com/,,,,,390
467,329.0,HBO Max,https://www.hbomax.com/,,,,,391
468,329.0,HBO Max,https://www.hbomax.com/,,,,,392
469,237.0,VICE Video,,,,,,147
470,384.0,iWant,,Philippines,PH,Asia/Manila,,160
471,351.0,BET+,,United States,US,America/New_York,,168
472,351.0,BET+,,United States,US,America/New_York,,622
473,209.0,ALLBLK,,United States,US,America/New_York,,170
474,209.0,ALLBLK,,United States,US,America/New_York,,172
475,209.0,ALLBLK,,United States,US,America/New_York,,488
476,209.0,ALLBLK,,United States,US,America/New_York,,545
477,352.0,ZDFmediathek,,Germany,DE,Europe/Busingen,,174
478,352.0,ZDFmediathek,,Germany,DE,Europe/Busingen,,186
479,405.0,SonyLIV,,India,IN,Asia/Kolkata,,183
480,169.0,Movistar+,,Spain,ES,Europe/Madrid,,188
481,169.0,Movistar+,,Spain,ES,Europe/Madrid,,195
482,328.0,VGTV,,Norway,NO,Europe/Oslo,,190
483,328.0,VGTV,,Norway,NO,Europe/Oslo,,192
484,410.0,Streamz,,Belgium,BE,Europe/Brussels,,193
485,434.0,HBO España,,Spain,ES,Europe/Madrid,,194
486,287.0,Disney+,https://www.disneyplus.com/,,,,,204
487,287.0,Disney+,https://www.disneyplus.com/,,,,,213
488,287.0,Disney+,https://www.disneyplus.com/,,,,,219
489,287.0,Disney+,https://www.disneyplus.com/,,,,,230
490,287.0,Disney+,https://www.disneyplus.com/,,,,,402
491,287.0,Disney+,https://www.disneyplus.com/,,,,,407
492,287.0,Disney+,https://www.disneyplus.com/,,,,,500
493,287.0,Disney+,https://www.disneyplus.com/,,,,,564
494,287.0,Disney+,https://www.disneyplus.com/,,,,,566
495,3.0,Prime Video,https://www.primevideo.com,,,,,209
496,3.0,Prime Video,https://www.primevideo.com,,,,,302
497,3.0,Prime Video,https://www.primevideo.com,,,,,336
498,3.0,Prime Video,https://www.primevideo.com,,,,,401
499,3.0,Prime Video,https://www.primevideo.com,,,,,403
500,3.0,Prime Video,https://www.primevideo.com,,,,,424
501,3.0,Prime Video,https://www.primevideo.com,,,,,463
502,3.0,Prime Video,https://www.primevideo.com,,,,,480
503,3.0,Prime Video,https://www.primevideo.com,,,,,495
504,3.0,Prime Video,https://www.primevideo.com,,,,,502
505,3.0,Prime Video,https://www.primevideo.com,,,,,536
506,3.0,Prime Video,https://www.primevideo.com,,,,,558
507,3.0,Prime Video,https://www.primevideo.com,,,,,559
508,3.0,Prime Video,https://www.primevideo.com,,,,,571
509,3.0,Prime Video,https://www.primevideo.com,,,,,615
510,310.0,Apple TV+,https://tv.apple.com/,,,,,210
511,310.0,Apple TV+,https://tv.apple.com/,,,,,214
512,91.0,Viki,https://www.viki.com/,,,,,223
513,440.0,OPTO | SIC,,Portugal,PT,Europe/Lisbon,,225
514,440.0,OPTO | SIC,,Portugal,PT,Europe/Lisbon,,501
515,73.0,CC: Studios,,United States,US,America/New_York,,237
516,347.0,Peacock,https://www.peacocktv.com/,United States,US,America/New_York,,240
517,347.0,Peacock,https://www.peacocktv.com/,United States,US,America/New_York,,278
518,347.0,Peacock,https://www.peacocktv.com/,United States,US,America/New_York,,346
519,347.0,Peacock,https://www.peacocktv.com/,United States,US,America/New_York,,417
520,347.0,Peacock,https://www.peacocktv.com/,United States,US,America/New_York,,453
521,347.0,Peacock,https://www.peacocktv.com/,United States,US,America/New_York,,516
522,228.0,Collegehumor,,United States,US,America/New_York,,241
523,228.0,Collegehumor,,United States,US,America/New_York,,426
524,94.0,History Channel,https://www.history.com,,,,,243
525,464.0,SwearNet,https://www.swearnet.com,Canada,CA,America/Halifax,,244
526,56.0,Seasonvar,,Russian Federation,RU,Asia/Kamchatka,,249
527,56.0,Seasonvar,,Russian Federation,RU,Asia/Kamchatka,,581
528,367.0,WeTV,https://wetv.vip/,,,,,267
529,367.0,WeTV,https://wetv.vip/,,,,,326
530,367.0,WeTV,https://wetv.vip/,,,,,411
531,533.0,TELASA,,Japan,JP,Asia/Tokyo,,268
532,32.0,Rooster Teeth,,United States,US,America/New_York,,270
533,32.0,Rooster Teeth,,United States,US,America/New_York,,309
534,32.0,Rooster Teeth,,United States,US,America/New_York,,341
535,32.0,Rooster Teeth,,United States,US,America/New_York,,342
536,32.0,Rooster Teeth,,United States,US,America/New_York,,452
537,45.0,UFC Fight Pass,,United States,US,America/New_York,,272
538,45.0,UFC Fight Pass,,United States,US,America/New_York,,396
539,45.0,UFC Fight Pass,,United States,US,America/New_York,,487
540,45.0,UFC Fight Pass,,United States,US,America/New_York,,517
541,45.0,UFC Fight Pass,,United States,US,America/New_York,,546
542,265.0,ESPN+,,United States,US,America/New_York,,279
543,265.0,ESPN+,,United States,US,America/New_York,,312
544,265.0,ESPN+,,United States,US,America/New_York,,418
545,408.0,DDTUniverse,,Japan,JP,Asia/Tokyo,,283
546,377.0,ATRESplayer PREMIUM,,Spain,ES,Europe/Madrid,,289
547,377.0,ATRESplayer PREMIUM,,Spain,ES,Europe/Madrid,,435
548,377.0,ATRESplayer PREMIUM,,Spain,ES,Europe/Madrid,,583
549,190.0,SVT Play,,Sweden,SE,Europe/Stockholm,,290
550,190.0,SVT Play,,Sweden,SE,Europe/Stockholm,,554
551,190.0,SVT Play,,Sweden,SE,Europe/Stockholm,,561
552,170.0,C More,,Sweden,SE,Europe/Stockholm,,291
553,321.0,StardomWorld,,,,,,295
554,22.0,HBO Go,,,,,,296
555,443.0,Planetscum,,,,,,300
556,331.0,Zeus,,United States,US,America/New_York,,314
557,413.0,Food Network Kitchen,,,,,,320
558,428.0,TVB Anywhere,,Hong Kong,HK,Asia/Hong_Kong,,328
559,431.0,UEFA.tv,,,,,,329
560,516.0,Tastemade,,,,,,338
561,518.0,Go3,,,,,,339
562,518.0,Go3,,,,,,351
563,153.0,Puhu TV,,Turkey,TR,Europe/Istanbul,,340
564,40.0,Blip,,United States,US,America/New_York,,344
565,368.0,RTL+,,Germany,DE,Europe/Busingen,,348
566,368.0,RTL+,,Germany,DE,Europe/Busingen,,479
567,52.0,All 4,https://www.channel4.com/,United Kingdom,GB,Europe/London,,349
568,52.0,All 4,https://www.channel4.com/,United Kingdom,GB,Europe/London,,394
569,365.0,iflix,,Malaysia,MY,Asia/Kuching,,376
570,426.0,Binge,,Bangladesh,BD,Asia/Dhaka,,377
571,252.0,France tv slash,,France,FR,Europe/Paris,,393
572,117.0,Sky Go,https://www.sky.com/watch/sky-go/windows,United Kingdom,GB,Europe/London,,395
573,358.0,ZEE5,,India,IN,Asia/Kolkata,,398
574,358.0,ZEE5,,India,IN,Asia/Kolkata,,492
575,164.0,Disney+ Hotstar,,,,,,399
576,164.0,Disney+ Hotstar,,,,,,555
577,376.0,Cosmote TV,,Greece,GR,Europe/Athens,,400
578,220.0,Yle Areena,,Finland,FI,Europe/Helsinki,,415
579,213.0,Shudder,,United States,US,America/New_York,,419
580,213.0,Shudder,,United States,US,America/New_York,,507
581,417.0,Independentwrestling TV,,,,,,423
582,149.0,ABC iView,,Australia,AU,Australia/Sydney,,432
583,71.0,BBC Three,https://www.bbc.co.uk/bbcthree,United Kingdom,GB,Europe/London,,436
584,388.0,VidAngel,,United States,US,America/New_York,,440
585,315.0,Showtime on Demand,,United States,US,America/New_York,,441
586,262.0,myTV SUPER,,Hong Kong,HK,Asia/Hong_Kong,,448
587,498.0,Viddsee,,,,,,450
588,295.0,Sky Go,,Germany,DE,Europe/Busingen,,454
589,506.0,DCFanDome.com,,,,,,460
590,216.0,Vidol,,"Taiwan, Province of China",TW,Asia/Taipei,,461
591,114.0,wavve,https://www.wavve.com/,"Korea, Republic of",KR,Asia/Seoul,,476
592,114.0,wavve,https://www.wavve.com/,"Korea, Republic of",KR,Asia/Seoul,,540
593,114.0,wavve,https://www.wavve.com/,"Korea, Republic of",KR,Asia/Seoul,,541
594,112.0,Pikicast,https://www.pikicast.com/,"Korea, Republic of",KR,Asia/Seoul,,477
595,409.0,beIN CONNECT,,Turkey,TR,Europe/Istanbul,,478
596,303.0,bon appétit video,,United States,US,America/New_York,,486
597,303.0,bon appétit video,,United States,US,America/New_York,,539
598,396.0,Hoichoi,,India,IN,Asia/Kolkata,,491
599,31.0,Vimeo,,,,,,497
600,445.0,CTI TV,,"Taiwan, Province of China",TW,Asia/Taipei,,520
601,493.0,Player,,Poland,PL,Europe/Warsaw,,522
602,493.0,Player,,Poland,PL,Europe/Warsaw,,595
603,414.0,Blued,,China,CN,Asia/Shanghai,,525
604,26.0,BBC iPlayer,https://www.bbc.co.uk/iplayer,United Kingdom,GB,Europe/London,,527
605,26.0,BBC iPlayer,https://www.bbc.co.uk/iplayer,United Kingdom,GB,Europe/London,,547
606,26.0,BBC iPlayer,https://www.bbc.co.uk/iplayer,United Kingdom,GB,Europe/London,,548
607,26.0,BBC iPlayer,https://www.bbc.co.uk/iplayer,United Kingdom,GB,Europe/London,,549
608,26.0,BBC iPlayer,https://www.bbc.co.uk/iplayer,United Kingdom,GB,Europe/London,,597
609,26.0,BBC iPlayer,https://www.bbc.co.uk/iplayer,United Kingdom,GB,Europe/London,,611
610,335.0,ALT Balaji,,India,IN,Asia/Kolkata,,530
611,335.0,ALT Balaji,,India,IN,Asia/Kolkata,,593
612,372.0,AIS Play,https://aisplay.ais.co.th/portal/,Thailand,TH,Asia/Bangkok,,537
613,109.0,CraveTV,,Canada,CA,America/Halifax,,538
614,109.0,CraveTV,,Canada,CA,America/Halifax,,573
615,425.0,Addatimes,,India,IN,Asia/Kolkata,,556
616,399.0,GagaOOLala,,,,,,568
617,330.0,HBO Nordic,,,,,,584
618,436.0,discovery+,,United States,US,America/New_York,,591
619,471.0,DR TV,https://dr.dk/drtv,Denmark,DK,Europe/Copenhagen,,594
620,366.0,Okko,,Russian Federation,RU,Asia/Kamchatka,,598
621,447.0,GAIN,,Turkey,TR,Europe/Istanbul,,602
622,188.0,CuriosityStream,,United States,US,America/New_York,,621
